,image,dice_rc_0,dice_rc_1,dice_rc_2,dice_rs3_0,dice_rs3_1,dice_rs3_2,dice_rs5_0,dice_rs5_1,dice_rs5_2,dice_cp_0,dice_cp_1,dice_cp_2,dice_bb_0,dice_bb_1,dice_bb_2,dice_bbs_05_0,dice_bbs_05_1,dice_bbs_05_2,dice_bbs_1_0,dice_bbs_1_1,dice_bbs_1_2,dice_bbs_2_0,dice_bbs_2_1,dice_bbs_2_2
0,,[0.6933779716491699],[0.9569350481033325],[0.9304600358009338],[0.6787004470825195],[0.8127097487449646],[0.9405671954154968],[0.6834068894386292],[0.8147197365760803],[0.9617032408714294],[0.6767945885658264],[0.7488017678260803],[0.6331027150154114],[0.8027365207672119],[0.8476346135139465],[0.9386838674545288],[0.8047870993614197],[0.8925897479057312],[0.9484601020812988],[0.7433062195777893],[0.7657284736633301],[0.12603223323822021],[0.7721986174583435],[0.8451266288757324],[0.8734007477760315]
1,,[0.6287848949432373],[0.8068044781684875],[0.8592345714569092],[0.6287258863449097],[0.8107772469520569],[0.9529368877410889],[0.6385163068771362],[0.813378632068634],[0.9535649418830872],[0.6300504207611084],[0.8052495121955872],[0.8780580759048462],[0.9545075297355652],[0.9394698739051819],[0.8586466312408447],[0.861875057220459],[0.9213465452194214],[0.8656183481216431],[0.9529228806495667],[0.927162766456604],[0.3952944278717041],[0.7990320920944214],[0.8213418126106262],[0.7416660189628601]
2,,[0.5796979665756226],[0.9044799208641052],[0.8929035663604736],[0.5807766914367676],[0.7872640490531921],[0.9671597480773926],[0.5818178653717041],[0.868436336517334],[0.9668091535568237],[0.579818606376648],[0.9359738230705261],[0.8811191320419312],[0.7820948362350464],[0.9674220085144043],[0.9652255177497864],[0.7856053113937378],[0.9670862555503845],[0.9644990563392639],[0.7674981951713562],[0.9675717949867249],[0.9669084548950195],[0.8473798036575317],[0.9506130814552307],[0.5382483601570129]
3,,[0.6356204152107239],[0.9086222648620605],[0.9397876262664795],[0.6389256715774536],[0.8729485273361206],[0.919663667678833],[0.6424166560173035],[0.8368480801582336],[0.9166783094406128],[0.633327066898346],[0.9057619571685791],[0.7755793333053589],[0.9271133542060852],[0.9495895504951477],[0.7733938097953796],[0.9236361384391785],[0.9432646632194519],[0.8150591254234314],[0.8993127942085266],[0.8991848230361938],[0.7587606906890869],[0.7916526198387146],[0.8502422571182251],[0.23160289227962494]
4,,[0.55372154712677],[0.5718560814857483],[0.6473866105079651],[0.5502290725708008],[0.7878853678703308],[0.9136451482772827],[0.5506662130355835],[0.7875074148178101],[0.9115355014801025],[0.5537863969802856],[0.8411824703216553],[0.8224020004272461],[0.9120364785194397],[0.8792077898979187],[0.7448800802230835],[0.9080613851547241],[0.8939893245697021],[0.80063796043396],[0.7861739993095398],[0.8677701354026794],[0.8230046033859253],[0.9096255898475647],[0.7973023056983948],[0.6496104001998901]
5,,[0.7911192774772644],[0.9688668251037598],[0.43026790022850037],[0.6225020885467529],[0.9678602814674377],[0.9597172141075134],[0.6577576398849487],[0.9701284170150757],[0.9077513813972473],[0.6208234429359436],[0.9545221924781799],[0.8893834352493286],[0.8092449307441711],[0.9673092365264893],[0.9483633041381836],[0.9678637385368347],[0.9640557169914246],[0.8420203924179077],[0.8994577527046204],[0.8912370204925537],[0.3027361035346985],[0.7470285892486572],[0.9217286109924316],[0.22209906578063965]
6,,[0.7618466019630432],[0.9729633331298828],[0.9676446318626404],[0.6880607008934021],[0.792260468006134],[0.9691392779350281],[0.6422408223152161],[0.7962814569473267],[0.9608942270278931],[0.6437011361122131],[0.963821530342102],[0.9349725842475891],[0.9608667492866516],[0.9696925282478333],[0.8339250087738037],[0.9494128823280334],[0.9487448930740356],[0.7401639223098755],[0.9369552135467529],[0.9223254323005676],[0.6427887678146362],[0.330099493265152],[0.2516324520111084],[0.1661572903394699]
7,,[0.7383233904838562],[0.9709303975105286],[0.885036826133728],[0.6895934343338013],[0.9724899530410767],[0.9653609395027161],[0.7271403074264526],[0.8240869641304016],[0.9664758443832397],[0.6890217065811157],[0.9536401033401489],[0.9381576180458069],[0.9688873887062073],[0.965690016746521],[0.7153325080871582],[0.9692636728286743],[0.9659271240234375],[0.700432300567627],[0.96888667345047],[0.9716671109199524],[0.822649359703064],[0.49095380306243896],[0.3023473024368286],[0.18973730504512787]
8,,[0.5973609089851379],[0.8230574131011963],[0.8351752758026123],[0.5983980298042297],[0.8618813157081604],[0.9010173082351685],[0.6172110438346863],[0.8451088666915894],[0.9064093828201294],[0.5976024270057678],[0.8385427594184875],[0.9017649292945862],[0.8925006985664368],[0.9083675742149353],[0.9102840423583984],[0.8918814659118652],[0.9071614146232605],[0.9029930233955383],[0.8913004994392395],[0.8198642730712891],[0.7807390689849854],[0.8901717662811279],[0.8860055208206177],[0.700112521648407]
9,,[0.598412275314331],[0.9242100715637207],[0.7057647705078125],[0.6008325219154358],[0.76370769739151],[0.9415377378463745],[0.6009257435798645],[0.7777709364891052],[0.9261938333511353],[0.597251296043396],[0.805854856967926],[0.9496928453445435],[0.7739784717559814],[0.9287946224212646],[0.9089362025260925],[0.7577211260795593],[0.8853001594543457],[0.9113251566886902],[0.9114274978637695],[0.9031484723091125],[0.7225773930549622],[0.4167523980140686],[0.329542875289917],[0.32236048579216003]
10,,[0.8086469173431396],[0.9665775895118713],[0.8424955010414124],[0.7359262704849243],[0.9680487513542175],[0.9505484700202942],[0.7999395728111267],[0.9267224073410034],[0.9544206857681274],[0.7197548151016235],[0.9656265377998352],[0.741693377494812],[0.9621875882148743],[0.9637776613235474],[0.9359752535820007],[0.9633671641349792],[0.9652039408683777],[0.937070906162262],[0.883337140083313],[0.894424319267273],[0.6013156771659851],[0.8581821322441101],[0.964271605014801],[0.9577479362487793]
11,,[0.6061716079711914],[0.5909540057182312],[0.5652603507041931],[0.5931490659713745],[0.8030131459236145],[0.8976693153381348],[0.5667846202850342],[0.8573209047317505],[0.9621874094009399],[0.5660123229026794],[0.3572334051132202],[0.40976575016975403],[0.7763987183570862],[0.97002112865448],[0.9175074696540833],[0.947395920753479],[0.9642829298973083],[0.8622567057609558],[0.9405871629714966],[0.9056971073150635],[0.791586697101593],[0.5431626439094543],[0.1028774306178093],[0.5328728556632996]
12,,[0.666656494140625],[0.8906041383743286],[0.7712213397026062],[0.7100325226783752],[0.8951424956321716],[0.9341132640838623],[0.6096753478050232],[0.905658483505249],[0.943943202495575],[0.6690688133239746],[0.878258228302002],[0.7575141191482544],[0.9355482459068298],[0.8807645440101624],[0.7364766001701355],[0.9237697720527649],[0.8645962476730347],[0.6983869671821594],[0.8950185775756836],[0.8253402709960938],[0.41484692692756653],[0.8141345977783203],[0.8502404093742371],[0.19246447086334229]
13,,[0.5648069381713867],[0.8310391902923584],[0.9203699231147766],[0.5716729164123535],[0.8631203174591064],[0.9273517727851868],[0.5795605182647705],[0.7803025245666504],[0.9673450589179993],[0.5679665207862854],[0.8640182018280029],[0.9530410170555115],[0.8023832440376282],[0.9644718766212463],[0.9680709838867188],[0.8765509724617004],[0.9671700596809387],[0.9668803215026855],[0.776786208152771],[0.6804640889167786],[0.9426379203796387],[0.7904129028320312],[0.9424525499343872],[0.941927433013916]
14,,[0.6139029264450073],[0.799386203289032],[0.920738160610199],[0.6056649684906006],[0.762988805770874],[0.9085683226585388],[0.6185255646705627],[0.761892557144165],[0.9052541851997375],[0.6021351218223572],[0.7745365500450134],[0.8171889781951904],[0.9101649522781372],[0.9235570430755615],[0.8321838974952698],[0.9111298322677612],[0.9209253191947937],[0.8475294709205627],[0.9056734442710876],[0.8856813311576843],[0.802818238735199],[0.8060362339019775],[0.8304673433303833],[0.727844774723053]
15,,[0.5911374092102051],[0.9468972682952881],[0.557472288608551],[0.5769650340080261],[0.9250738024711609],[0.9603440761566162],[0.5774242281913757],[0.8834978342056274],[0.9610522389411926],[0.576774537563324],[0.8702946901321411],[0.8492220640182495],[0.7942955493927002],[0.9614661335945129],[0.9622642993927002],[0.7842554450035095],[0.9609774351119995],[0.9619480967521667],[0.8068637847900391],[0.961026668548584],[0.9618388414382935],[0.9413877725601196],[0.8847061395645142],[0.8312048316001892]
16,,[0.7388179302215576],[0.9724000096321106],[0.9038247466087341],[0.7734839916229248],[0.9674063324928284],[0.9514496326446533],[0.6941726803779602],[0.956508219242096],[0.971522331237793],[0.6699873208999634],[0.9724377989768982],[0.9697591066360474],[0.9698212146759033],[0.9697727560997009],[0.8389160633087158],[0.9632253050804138],[0.9652647376060486],[0.7462595105171204],[0.9466121792793274],[0.9175911545753479],[0.19788138568401337],[0.834219217300415],[0.6478593945503235],[0.3055770695209503]
17,,[0.5800087451934814],[0.8509847521781921],[0.9394093155860901],[0.5806292295455933],[0.8424537777900696],[0.941609799861908],[0.5826156735420227],[0.8797135353088379],[0.9361060857772827],[0.5797511339187622],[0.8708797097206116],[0.871775209903717],[0.9309972524642944],[0.9345422387123108],[0.8299886584281921],[0.9284507036209106],[0.9352617859840393],[0.8347726464271545],[0.9307801723480225],[0.935845673084259],[0.8276448249816895],[0.7825495600700378],[0.7295839190483093],[0.791167676448822]
18,,[0.5830568075180054],[0.8840017318725586],[0.8913201689720154],[0.5892694592475891],[0.9052547216415405],[0.9496443271636963],[0.5872982740402222],[0.898256778717041],[0.9544379711151123],[0.5829141139984131],[0.9003838300704956],[0.7941994667053223],[0.9490532279014587],[0.9605490565299988],[0.9421800971031189],[0.9494842886924744],[0.9558268189430237],[0.9235707521438599],[0.9553074240684509],[0.963357150554657],[0.880946695804596],[0.4971083104610443],[0.3485892117023468],[0.3382406234741211]
19,,[0.5642117261886597],[0.9578465223312378],[0.8607950210571289],[0.5644712448120117],[0.9134199619293213],[0.9397486448287964],[0.5653688907623291],[0.8806368708610535],[0.9438492059707642],[0.563971757888794],[0.8921928405761719],[0.8567259907722473],[0.9473618865013123],[0.9496883749961853],[0.8172156810760498],[0.9531636238098145],[0.9552931785583496],[0.8380889892578125],[0.8805117011070251],[0.8806138038635254],[0.8453391194343567],[0.9543179869651794],[0.9491248726844788],[0.805094301700592]
20,,[0.6461037993431091],[0.9660348892211914],[0.9482690095901489],[0.6648077368736267],[0.9711872339248657],[0.9203748106956482],[0.6587312817573547],[0.9667080044746399],[0.9562387466430664],[0.6459243297576904],[0.920278787612915],[0.8272601962089539],[0.9333156943321228],[0.9551019072532654],[0.9223335385322571],[0.8567007780075073],[0.9547160863876343],[0.9327793717384338],[0.9566298127174377],[0.950713574886322],[0.6211051940917969],[0.7905333638191223],[0.9514586329460144],[0.9530919790267944]
21,,[0.6602301597595215],[0.8904825448989868],[0.8879558444023132],[0.6828114986419678],[0.823844850063324],[0.9695208072662354],[0.7187298536300659],[0.8341678977012634],[0.9735646843910217],[0.6565951108932495],[0.9544949531555176],[0.8279768228530884],[0.9710932374000549],[0.9730605483055115],[0.8819414377212524],[0.9683567881584167],[0.9727105498313904],[0.9271807074546814],[0.7895833253860474],[0.9023147821426392],[0.9439303278923035],[0.9723635315895081],[0.9718510508537292],[0.8700224757194519]
22,,[0.6069589257240295],[0.9243757724761963],[0.7840656638145447],[0.6075365543365479],[0.8485354781150818],[0.9668856859207153],[0.6760194897651672],[0.8994104862213135],[0.9378095865249634],[0.6070491671562195],[0.8997331857681274],[0.8935027718544006],[0.8138353824615479],[0.9682676792144775],[0.9576101899147034],[0.8156484365463257],[0.9679220914840698],[0.9598627090454102],[0.7332481741905212],[0.8894656896591187],[0.9434049725532532],[0.947925329208374],[0.9140734076499939],[0.5379208326339722]
23,,[0.6498692035675049],[0.9691064953804016],[0.6168040037155151],[0.6831899881362915],[0.9708479046821594],[0.964381992816925],[0.7507896423339844],[0.9689102172851562],[0.9552778005599976],[0.6014505624771118],[0.9726520776748657],[0.9623892307281494],[0.9670798182487488],[0.9652698636054993],[0.88791424036026],[0.9121410250663757],[0.9681897759437561],[0.9432403445243835],[0.9553449153900146],[0.9656534194946289],[0.9158278703689575],[0.8618220090866089],[0.9135090112686157],[0.381001353263855]
24,,[0.6301411390304565],[0.9538224339485168],[0.8477926850318909],[0.6314372420310974],[0.9398962259292603],[0.9386916160583496],[0.6325988173484802],[0.9476274847984314],[0.9410862922668457],[0.6305597424507141],[0.9502203464508057],[0.8209290504455566],[0.9473713636398315],[0.9545767307281494],[0.8360161781311035],[0.9478581547737122],[0.9562745690345764],[0.8584349155426025],[0.9194774031639099],[0.9186206459999084],[0.7309221029281616],[0.8977165818214417],[0.9036060571670532],[0.6738878488540649]
25,,[0.6273177862167358],[0.8243626356124878],[0.9626581072807312],[0.6292064785957336],[0.8056980967521667],[0.9634146094322205],[0.629764974117279],[0.9336694478988647],[0.9639928936958313],[0.6285430788993835],[0.9103856682777405],[0.965600848197937],[0.8814783692359924],[0.9638355374336243],[0.9548709988594055],[0.9213288426399231],[0.963320255279541],[0.9427483081817627],[0.9499479532241821],[0.9411457180976868],[0.8778256773948669],[0.7555358409881592],[0.4448598325252533],[0.8765498399734497]
26,,[0.5619226694107056],[0.9426121711730957],[0.9345118999481201],[0.5682527422904968],[0.9177472591400146],[0.9166449308395386],[0.5760583877563477],[0.9319467544555664],[0.9377402067184448],[0.5612761974334717],[0.943473756313324],[0.7842200994491577],[0.9273365139961243],[0.9291724562644958],[0.9502559900283813],[0.9251189827919006],[0.8871060013771057],[0.8979419469833374],[0.871992290019989],[0.8724445104598999],[0.8347524404525757],[0.759937584400177],[0.6680580377578735],[0.030368583276867867]
27,,[0.7701647281646729],[0.8143091797828674],[0.5240166187286377],[0.6118397116661072],[0.8109719157218933],[0.9610600471496582],[0.6215131282806396],[0.8095102310180664],[0.9641799926757812],[0.6259138584136963],[0.8156092166900635],[0.8304600715637207],[0.9091163873672485],[0.9689399003982544],[0.8935145735740662],[0.9171392917633057],[0.9658494591712952],[0.8730661869049072],[0.9416189789772034],[0.9466193914413452],[0.8107106685638428],[0.7560654878616333],[0.6023107767105103],[0.8007327318191528]
28,,[0.6746223568916321],[0.9454389810562134],[0.7886107563972473],[0.6706444621086121],[0.8820748925209045],[0.9230536222457886],[0.6719081997871399],[0.9439938068389893],[0.9708549976348877],[0.6715914011001587],[0.9706107974052429],[0.9418977499008179],[0.9721216559410095],[0.9730569124221802],[0.8994985222816467],[0.9647195935249329],[0.9689458012580872],[0.8655511736869812],[0.9725096225738525],[0.9699847102165222],[0.8549996018409729],[0.8809913992881775],[0.9201592206954956],[0.8533415198326111]
29,,[0.6050439476966858],[0.8702853322029114],[0.9529595375061035],[0.6033825278282166],[0.8539032340049744],[0.9561876654624939],[0.6075749397277832],[0.8410940170288086],[0.9563400149345398],[0.5988269448280334],[0.8639207482337952],[0.7985133528709412],[0.8940266966819763],[0.9545944929122925],[0.9505923390388489],[0.9509648084640503],[0.9555647969245911],[0.9301626682281494],[0.8440266251564026],[0.954706609249115],[0.9224706292152405],[0.8871299028396606],[0.9009134769439697],[0.5004816055297852]
30,,[0.6306061744689941],[0.944524347782135],[0.8145329356193542],[0.5750352144241333],[0.9240686297416687],[0.9280955195426941],[0.5845754146575928],[0.9251548647880554],[0.9424813389778137],[0.5739006400108337],[0.8879042863845825],[0.8660808205604553],[0.9384640455245972],[0.9404613971710205],[0.9127883911132812],[0.9376809597015381],[0.9425256252288818],[0.916761577129364],[0.9407731294631958],[0.9590473175048828],[0.8753488659858704],[0.8740006685256958],[0.9421607851982117],[0.8232259750366211]
31,,[0.7210692167282104],[0.9431473612785339],[0.12196089327335358],[0.6323372721672058],[0.8790615200996399],[0.9448407292366028],[0.6351232528686523],[0.843210756778717],[0.9448797106742859],[0.6267284154891968],[0.9505965709686279],[0.7848793864250183],[0.9344642162322998],[0.9385045170783997],[0.8566093444824219],[0.9387773871421814],[0.9333654046058655],[0.8291179537773132],[0.8468539118766785],[0.9428044557571411],[0.8383914232254028],[0.7287886142730713],[0.46569982171058655],[0.8519418835639954]
32,,[0.5770204067230225],[0.9640237092971802],[0.8861315846443176],[0.578648567199707],[0.8754652142524719],[0.9330462217330933],[0.5987678170204163],[0.875056803226471],[0.9179561138153076],[0.5765904188156128],[0.9649976491928101],[0.8109286427497864],[0.940252959728241],[0.954449474811554],[0.9235471487045288],[0.9481446743011475],[0.9533664584159851],[0.917711079120636],[0.8329095244407654],[0.9729288816452026],[0.9356166124343872],[0.8115888833999634],[0.8851486444473267],[0.8791688680648804]
33,,[0.6400180459022522],[0.9615811705589294],[0.9558241367340088],[0.6412895321846008],[0.9658357501029968],[0.9410846829414368],[0.7037189602851868],[0.9657713770866394],[0.9346169233322144],[0.6398631930351257],[0.9548934698104858],[0.7853695750236511],[0.9696456789970398],[0.9577702879905701],[0.895193338394165],[0.9696274995803833],[0.9563902020454407],[0.882477343082428],[0.8866651654243469],[0.8779163956642151],[0.8400322794914246],[0.821524977684021],[0.8059102296829224],[0.38846272230148315]
34,,[0.6785306334495544],[0.9531803131103516],[0.4798583388328552],[0.5991436243057251],[0.9567470550537109],[0.95708167552948],[0.6090570688247681],[0.9443883895874023],[0.9578061699867249],[0.5975062251091003],[0.9469143748283386],[0.9544869661331177],[0.7761573791503906],[0.9533542394638062],[0.9588516354560852],[0.9519238471984863],[0.9557668566703796],[0.8657206296920776],[0.7858547568321228],[0.9036298990249634],[0.9382407069206238],[0.9020077586174011],[0.8986395001411438],[0.3357500731945038]
35,,[0.692151665687561],[0.9656797051429749],[0.9636046290397644],[0.6273363828659058],[0.8758009672164917],[0.9741511344909668],[0.625584602355957],[0.8640996217727661],[0.9747026562690735],[0.6720492839813232],[0.9665422439575195],[0.8965232372283936],[0.9631732702255249],[0.9752038717269897],[0.9466394782066345],[0.9753027558326721],[0.9747087955474854],[0.9262428283691406],[0.8240808844566345],[0.9744439125061035],[0.951040506362915],[0.7243793606758118],[0.3357945382595062],[0.8790958523750305]
36,,[0.5879432559013367],[0.9626684188842773],[0.9450556635856628],[0.5898030400276184],[0.948586106300354],[0.960891842842102],[0.5910511016845703],[0.9527671337127686],[0.9649456143379211],[0.5879502296447754],[0.9572725296020508],[0.7938330769538879],[0.964714527130127],[0.9621212482452393],[0.9195950031280518],[0.9637748003005981],[0.9624726176261902],[0.89805668592453],[0.964914858341217],[0.9563874006271362],[0.9060842990875244],[0.6546886563301086],[0.7736026644706726],[0.8118274807929993]
37,,[0.6778587698936462],[0.8993841409683228],[0.7549698352813721],[0.6141091585159302],[0.8284677267074585],[0.9299950003623962],[0.7826005816459656],[0.8313623666763306],[0.9290843605995178],[0.6087071299552917],[0.8299530148506165],[0.9277023673057556],[0.9274162650108337],[0.9110147953033447],[0.8165654540061951],[0.924945592880249],[0.9158356189727783],[0.8399615287780762],[0.9423207640647888],[0.9270826578140259],[0.7949833273887634],[0.9535620808601379],[0.8565226197242737],[0.8293091058731079]
38,,[0.666633129119873],[0.800062894821167],[0.9510264992713928],[0.668591320514679],[0.7771424055099487],[0.9590599536895752],[0.6709268093109131],[0.7957888841629028],[0.9592081904411316],[0.6673915982246399],[0.8350995182991028],[0.9682936668395996],[0.9464340209960938],[0.9607897996902466],[0.9402422904968262],[0.9480014443397522],[0.961292028427124],[0.9359721541404724],[0.9625040292739868],[0.9562972187995911],[0.7753139734268188],[0.6949974298477173],[0.6677495241165161],[0.14820154011249542]
39,,[0.5396972894668579],[0.9648632407188416],[0.5571478009223938],[0.5271121859550476],[0.9398679137229919],[0.9681416749954224],[0.5529890656471252],[0.9601606726646423],[0.967547595500946],[0.5254839062690735],[0.9525577425956726],[0.7521519064903259],[0.9537009000778198],[0.970155656337738],[0.9137600064277649],[0.9508339166641235],[0.9703218340873718],[0.9224948287010193],[0.966935932636261],[0.9630756974220276],[0.8950544595718384],[0.9209125638008118],[0.912353515625],[0.9016425013542175]
40,,[0.8208840489387512],[0.9732386469841003],[0.8337056636810303],[0.5880605578422546],[0.962159276008606],[0.957212507724762],[0.5898498296737671],[0.9692472219467163],[0.953840434551239],[0.5865913033485413],[0.9663464426994324],[0.9686152338981628],[0.9528817534446716],[0.9411371946334839],[0.871428370475769],[0.9578812718391418],[0.9580639600753784],[0.8482780456542969],[0.940706193447113],[0.9224638938903809],[0.7815480828285217],[0.7695820331573486],[0.8931822776794434],[0.8643537759780884]
41,,[0.6346731781959534],[0.9449034929275513],[0.9160295128822327],[0.6410822868347168],[0.9369316697120667],[0.9188675880432129],[0.6702913045883179],[0.9454995393753052],[0.9033297896385193],[0.6334043145179749],[0.9452359676361084],[0.9353535771369934],[0.9190099239349365],[0.9145810604095459],[0.8270137310028076],[0.9191707372665405],[0.9212884306907654],[0.8267868161201477],[0.9097927212715149],[0.9269663691520691],[0.4397186040878296],[0.750617504119873],[0.8076770901679993],[0.10923877358436584]
42,,[0.7079665064811707],[0.811290979385376],[0.7569419145584106],[0.711908757686615],[0.8149545788764954],[0.7853161096572876],[0.7071036100387573],[0.7890803813934326],[0.8750923275947571],[0.7061977982521057],[0.8179938197135925],[0.8834287524223328],[0.9210981726646423],[0.925854504108429],[0.7884253859519958],[0.9203460216522217],[0.9248656034469604],[0.8057451844215393],[0.8876257538795471],[0.8828958868980408],[0.7883950471878052],[0.677435576915741],[0.5622615814208984],[0.06399226933717728]
43,,[0.5845013856887817],[0.7432245016098022],[0.9333469271659851],[0.5974860787391663],[0.7744953632354736],[0.9162316918373108],[0.6069540977478027],[0.7496939897537231],[0.9067991971969604],[0.5877271294593811],[0.7613072395324707],[0.9065949320793152],[0.8912426233291626],[0.9206645488739014],[0.8333066701889038],[0.8917230367660522],[0.920653760433197],[0.8220139145851135],[0.8792905211448669],[0.8972199559211731],[0.789301335811615],[0.8886106014251709],[0.8800251483917236],[0.8468155264854431]
44,,[0.5983735918998718],[0.9637709856033325],[0.9569267630577087],[0.5995896458625793],[0.9463542699813843],[0.942010760307312],[0.5994503498077393],[0.7998538017272949],[0.941050112247467],[0.5985226631164551],[0.9567471146583557],[0.8055989146232605],[0.9389964938163757],[0.94643634557724],[0.9110287427902222],[0.9393445253372192],[0.9654359221458435],[0.9007607102394104],[0.9410666823387146],[0.9428664445877075],[0.39673933386802673],[0.7507003545761108],[0.8859972953796387],[0.8623139262199402]
45,,[0.5913331508636475],[0.9603662490844727],[0.9540286660194397],[0.5940512418746948],[0.9705631732940674],[0.9518063068389893],[0.5985860228538513],[0.9655940532684326],[0.9438480734825134],[0.5918922424316406],[0.9657433032989502],[0.9224435091018677],[0.9597095251083374],[0.9644259214401245],[0.8721792101860046],[0.9604468941688538],[0.9651322364807129],[0.8443025350570679],[0.9255130290985107],[0.9137604236602783],[0.7107148170471191],[0.7483067512512207],[0.6315991878509521],[0.7045649886131287]
46,,[0.6681970953941345],[0.9057384729385376],[0.9673010110855103],[0.714339017868042],[0.941412091255188],[0.9442504644393921],[0.8177118301391602],[0.9315856099128723],[0.9425928592681885],[0.6674856543540955],[0.8755900263786316],[0.9465587735176086],[0.938902735710144],[0.9359203577041626],[0.81235271692276],[0.9387267231941223],[0.9398649334907532],[0.8891172409057617],[0.9351141452789307],[0.9185894727706909],[0.7761232852935791],[0.8998457789421082],[0.8999789357185364],[0.17031466960906982]
47,,[0.6031334400177002],[0.9203646183013916],[0.9209775924682617],[0.6040807366371155],[0.9448020458221436],[0.9359534978866577],[0.6091523766517639],[0.9274781346321106],[0.9420319199562073],[0.6028351187705994],[0.8856086134910583],[0.7799246311187744],[0.9372045397758484],[0.944374680519104],[0.9327908754348755],[0.9347966909408569],[0.9284664392471313],[0.8597351312637329],[0.936309814453125],[0.9399901628494263],[0.9252474308013916],[0.9355257153511047],[0.9420734643936157],[0.8913254141807556]
48,,[0.6975005269050598],[0.970028281211853],[0.37936121225357056],[0.6498566269874573],[0.9670905470848083],[0.9502092599868774],[0.6505274176597595],[0.9665188789367676],[0.9505432844161987],[0.645747184753418],[0.9588499665260315],[0.7901658415794373],[0.97037273645401],[0.9572651982307434],[0.9010800719261169],[0.9649412631988525],[0.9500592350959778],[0.880218505859375],[0.9282326102256775],[0.9120532274246216],[0.652434229850769],[0.8087459206581116],[0.8531917929649353],[0.3710705637931824]
49,,[0.6366121172904968],[0.9521690011024475],[0.8345709443092346],[0.6431991457939148],[0.9539417624473572],[0.9504114985466003],[0.6483225226402283],[0.9560375809669495],[0.9502561688423157],[0.6397780776023865],[0.9604735374450684],[0.788013219833374],[0.9518874883651733],[0.9504733681678772],[0.889534056186676],[0.9520926475524902],[0.9498044848442078],[0.7855399250984192],[0.9472224712371826],[0.9400346875190735],[0.898322582244873],[0.9520263075828552],[0.9311842322349548],[0.36424851417541504]
50,,[0.6071715950965881],[0.9675384163856506],[0.9597067832946777],[0.6084216237068176],[0.9631788730621338],[0.9644412994384766],[0.6099860072135925],[0.9619519114494324],[0.9707428812980652],[0.607451319694519],[0.9669676423072815],[0.8415929675102234],[0.9522671103477478],[0.970889687538147],[0.9637501835823059],[0.972244381904602],[0.9706947207450867],[0.9508745074272156],[0.7665349841117859],[0.9459326863288879],[0.9552633166313171],[0.9192489981651306],[0.9102972149848938],[0.4463893175125122]
51,,[0.6030036211013794],[0.9006446599960327],[0.959555447101593],[0.6269555687904358],[0.934231162071228],[0.9119953513145447],[0.6251845955848694],[0.9206923246383667],[0.9250825643539429],[0.6153433918952942],[0.9256736636161804],[0.7776504755020142],[0.9255535006523132],[0.9601883292198181],[0.8503521680831909],[0.9130796790122986],[0.9629656076431274],[0.8199500441551208],[0.9303047060966492],[0.9249398112297058],[0.28607702255249023],[0.9212337136268616],[0.9401054978370667],[0.6099703907966614]
52,,[0.7296909689903259],[0.9647923111915588],[0.8611886501312256],[0.6672793030738831],[0.9650627374649048],[0.8828455805778503],[0.6141936779022217],[0.9619391560554504],[0.9062476754188538],[0.5885053277015686],[0.965412437915802],[0.7459322214126587],[0.880649209022522],[0.9411138892173767],[0.9263187050819397],[0.8800585865974426],[0.9289401173591614],[0.8772178292274475],[0.871327817440033],[0.8957788348197937],[0.4750477075576782],[0.9659731388092041],[0.9347952008247375],[0.5622629523277283]
53,,[0.685340940952301],[0.958788275718689],[0.9251253604888916],[0.7486065626144409],[0.947045624256134],[0.9650792479515076],[0.6863406300544739],[0.8847672939300537],[0.9674890041351318],[0.6691063642501831],[0.937752902507782],[0.875480592250824],[0.8418869972229004],[0.9683940410614014],[0.947847306728363],[0.8545827269554138],[0.9672001600265503],[0.9125949740409851],[0.8570065498352051],[0.9575266242027283],[0.8591686487197876],[0.8219553232192993],[0.9238495230674744],[0.8632971048355103]
54,,[0.6929587721824646],[0.9270299077033997],[0.49067747592926025],[0.6313542723655701],[0.8413661122322083],[0.9504308104515076],[0.6589707732200623],[0.851007878780365],[0.9495633840560913],[0.6291822791099548],[0.8477617502212524],[0.8515544533729553],[0.9641629457473755],[0.9560432434082031],[0.7598216533660889],[0.9659530520439148],[0.9525099992752075],[0.7483814358711243],[0.9241445660591125],[0.8833613395690918],[0.8601624369621277],[0.878454864025116],[0.8745085597038269],[0.8240127563476562]
55,,[0.611889660358429],[0.963633120059967],[0.9122743010520935],[0.615165650844574],[0.9578566551208496],[0.9541416168212891],[0.7153279781341553],[0.9635559320449829],[0.9435834288597107],[0.6115853190422058],[0.9665712118148804],[0.9525662660598755],[0.8864300847053528],[0.9572193026542664],[0.9189878106117249],[0.7908812165260315],[0.958652675151825],[0.9391421675682068],[0.9104707837104797],[0.9358475804328918],[0.8373865485191345],[0.9590845704078674],[0.9600858688354492],[0.9247491359710693]
56,,[0.6388490796089172],[0.969864547252655],[0.8799739480018616],[0.6489109396934509],[0.9716352224349976],[0.9733334183692932],[0.75994473695755],[0.9670860171318054],[0.9738095998764038],[0.6386604905128479],[0.9627432823181152],[0.9488953351974487],[0.9038630127906799],[0.9721442461013794],[0.9584100842475891],[0.7992717623710632],[0.9720373749732971],[0.9654401540756226],[0.8153240084648132],[0.9715020060539246],[0.960681140422821],[0.9012185335159302],[0.9303717613220215],[0.8653532862663269]
57,,[0.6251667141914368],[0.8989502191543579],[0.9646421074867249],[0.6283341646194458],[0.9589040875434875],[0.9606212973594666],[0.6323193311691284],[0.9273325800895691],[0.9641427397727966],[0.625704288482666],[0.9675844311714172],[0.8191453218460083],[0.9647778868675232],[0.9651782512664795],[0.9555192589759827],[0.9644619822502136],[0.9641220569610596],[0.9451907873153687],[0.9660308361053467],[0.9660584926605225],[0.9157472848892212],[0.7520465850830078],[0.6540347337722778],[0.9637598991394043]
58,,[0.5435742735862732],[0.8447461724281311],[0.8647182583808899],[0.5602105855941772],[0.918420672416687],[0.9282600283622742],[0.691178023815155],[0.9327554106712341],[0.9449861645698547],[0.5273761749267578],[0.8322339057922363],[0.9645146727561951],[0.941657543182373],[0.9547348618507385],[0.862907350063324],[0.9412307143211365],[0.9350470304489136],[0.8792059421539307],[0.9007757902145386],[0.8147737383842468],[0.28311774134635925],[0.8833538293838501],[0.8657650947570801],[0.23544950783252716]
59,,[0.5879004001617432],[0.9646394848823547],[0.875684916973114],[0.5904969573020935],[0.9656409025192261],[0.9585708975791931],[0.5926322937011719],[0.9607043266296387],[0.9505537152290344],[0.5882922410964966],[0.9673805832862854],[0.8586236834526062],[0.962135374546051],[0.9591709971427917],[0.8561673760414124],[0.9619215726852417],[0.9462941884994507],[0.848559558391571],[0.793939471244812],[0.9432498216629028],[0.9594692587852478],[0.7946028113365173],[0.6983619332313538],[0.21095630526542664]
60,,[0.5967624187469482],[0.8580798506736755],[0.9570026993751526],[0.5976563096046448],[0.8881794810295105],[0.8853957056999207],[0.6023977994918823],[0.8832080364227295],[0.952281653881073],[0.5971669554710388],[0.8933067917823792],[0.8872422575950623],[0.9329302310943604],[0.9412017464637756],[0.8466262221336365],[0.941667377948761],[0.9436320066452026],[0.8000379204750061],[0.7549834847450256],[0.950686514377594],[0.9312773942947388],[0.9186601042747498],[0.9119713306427002],[0.23085126280784607]
61,,[0.6063039302825928],[0.9704155325889587],[0.9295032024383545],[0.6066551804542542],[0.8929771184921265],[0.9560068845748901],[0.6067806482315063],[0.8549431562423706],[0.9555918574333191],[0.6062555909156799],[0.9715003371238708],[0.8082678914070129],[0.958766758441925],[0.9552872776985168],[0.9520329236984253],[0.9532635807991028],[0.955223023891449],[0.9538795351982117],[0.958030104637146],[0.95018470287323],[0.7663542032241821],[0.8309878706932068],[0.8073205947875977],[0.8614391684532166]
62,,[0.6974340081214905],[0.9186893105506897],[0.9720320105552673],[0.6989032626152039],[0.9658104181289673],[0.9455050230026245],[0.702445924282074],[0.9041377902030945],[0.9740026593208313],[0.6962165236473083],[0.9329870343208313],[0.925908088684082],[0.920541524887085],[0.9726747274398804],[0.8993143439292908],[0.958022952079773],[0.9629376530647278],[0.3101738393306732],[0.687419593334198],[0.2910689115524292],[0.27283546328544617],[0.8453280329704285],[0.4588441252708435],[0.3601610064506531]
63,,[0.6279062628746033],[0.9294809103012085],[0.5035232305526733],[0.6385071873664856],[0.7813377976417542],[0.9359560012817383],[0.6433779001235962],[0.8269868493080139],[0.9371498227119446],[0.5729665160179138],[0.7786076068878174],[0.7502456903457642],[0.9381414651870728],[0.8781700730323792],[0.7819982767105103],[0.9380090236663818],[0.9111796021461487],[0.7987073659896851],[0.8842553496360779],[0.8484655618667603],[0.695441722869873],[0.7748838067054749],[0.9249904155731201],[0.9170676469802856]
64,,[0.6126344203948975],[0.9416733980178833],[0.809569776058197],[0.6237285733222961],[0.9347311854362488],[0.9228255748748779],[0.6261837482452393],[0.9123473167419434],[0.9483834505081177],[0.6235072612762451],[0.9399767518043518],[0.7060831189155579],[0.9569446444511414],[0.9509313702583313],[0.869066059589386],[0.950128972530365],[0.7776897549629211],[0.8060008883476257],[0.9506176114082336],[0.9085850119590759],[0.8373492360115051],[0.9068801403045654],[0.7595683336257935],[0.7595802545547485]
65,,[0.5787293910980225],[0.9687968492507935],[0.9530042409896851],[0.5800693035125732],[0.9752820730209351],[0.9605579376220703],[0.5867191553115845],[0.9746560454368591],[0.9707667827606201],[0.5788949131965637],[0.9763997793197632],[0.7512132525444031],[0.9091632962226868],[0.9546554088592529],[0.9340171217918396],[0.9058488607406616],[0.9751599431037903],[0.9380818605422974],[0.9757792353630066],[0.9719455242156982],[0.8870165944099426],[0.8815597891807556],[0.9050081968307495],[0.5764946341514587]
66,,[0.5607954263687134],[0.9579664468765259],[0.907379686832428],[0.5618302822113037],[0.9423022270202637],[0.9185934662818909],[0.5627268552780151],[0.954401433467865],[0.9248635172843933],[0.5603444576263428],[0.9603641033172607],[0.816519558429718],[0.9286021590232849],[0.9314040541648865],[0.8179639577865601],[0.9279760718345642],[0.9264724254608154],[0.8181214332580566],[0.9167531132698059],[0.9105353355407715],[0.6953265070915222],[0.9293115735054016],[0.9153087735176086],[0.7175959944725037]
67,,[0.6363716721534729],[0.9667456150054932],[0.8212818503379822],[0.6327193379402161],[0.9679477214813232],[0.9684334397315979],[0.6673130393028259],[0.963624894618988],[0.9676933288574219],[0.6299079656600952],[0.9559085965156555],[0.849026620388031],[0.9714906811714172],[0.9727461934089661],[0.9150539636611938],[0.971794843673706],[0.9696780443191528],[0.8836151361465454],[0.8176407217979431],[0.89631587266922],[0.9347715377807617],[0.7760367393493652],[0.7245545983314514],[0.7869471311569214]
68,,[0.6367424726486206],[0.9455428123474121],[0.6549277901649475],[0.6390933990478516],[0.969139039516449],[0.9629231095314026],[0.6495246887207031],[0.9580855965614319],[0.9641415476799011],[0.6303106546401978],[0.9638341665267944],[0.9654748439788818],[0.9643635153770447],[0.9628314971923828],[0.882674515247345],[0.9650180339813232],[0.9621492624282837],[0.8508169651031494],[0.7775697112083435],[0.48827171325683594],[0.9374903440475464],[0.8222995400428772],[0.8337432742118835],[0.6878451108932495]
69,,[0.5642579197883606],[0.8295875191688538],[0.9194488525390625],[0.566638708114624],[0.904570460319519],[0.9398764371871948],[0.5679317116737366],[0.7776970267295837],[0.9557003378868103],[0.5622538924217224],[0.853783130645752],[0.9122501611709595],[0.8322436213493347],[0.9485487937927246],[0.9373071789741516],[0.8886128664016724],[0.9513818025588989],[0.9293915629386902],[0.8874676823616028],[0.9645339250564575],[0.9333521723747253],[0.965096116065979],[0.9485057592391968],[0.27876052260398865]
70,,[0.6302468180656433],[0.9708155393600464],[0.6446733474731445],[0.6310445666313171],[0.9018839597702026],[0.8933929204940796],[0.6329420208930969],[0.8750110864639282],[0.9659132361412048],[0.6302481889724731],[0.8506723046302795],[0.8660145401954651],[0.8433172702789307],[0.9672669768333435],[0.9505601525306702],[0.9528848528862],[0.9701209664344788],[0.932406485080719],[0.8008664846420288],[0.9181159734725952],[0.9134693145751953],[0.9295079112052917],[0.9048293232917786],[0.4110051393508911]
71,,[0.6015221476554871],[0.9597017168998718],[0.7766205072402954],[0.6000583171844482],[0.8833759427070618],[0.8737307786941528],[0.6006433963775635],[0.755199134349823],[0.9618245363235474],[0.6004790663719177],[0.821725606918335],[0.9495586156845093],[0.7950896620750427],[0.9352497458457947],[0.9420596957206726],[0.8241031169891357],[0.9506328701972961],[0.8919191360473633],[0.8112592101097107],[0.931770920753479],[0.9364961385726929],[0.816489577293396],[0.933554470539093],[0.942565381526947]
72,,[0.8155593276023865],[0.9728801846504211],[0.7055041193962097],[0.6430420279502869],[0.9722372889518738],[0.9728674292564392],[0.6434144973754883],[0.9169793725013733],[0.9718436598777771],[0.6388081908226013],[0.9712327718734741],[0.9661478400230408],[0.9703714847564697],[0.9704005122184753],[0.8853412866592407],[0.9727461934089661],[0.9689147472381592],[0.8490267395973206],[0.9720399975776672],[0.9638985991477966],[0.8196033835411072],[0.9361225366592407],[0.89913409948349],[0.678326427936554]
73,,[0.5949478149414062],[0.8781635761260986],[0.9299616813659668],[0.5979585647583008],[0.9468747973442078],[0.91058748960495],[0.6012679934501648],[0.8875185251235962],[0.9405861496925354],[0.5949667692184448],[0.9152817130088806],[0.960487425327301],[0.7857701778411865],[0.9532647132873535],[0.9261355996131897],[0.7831022143363953],[0.9553476572036743],[0.9427701830863953],[0.7785243988037109],[0.9433706998825073],[0.899991512298584],[0.8943052291870117],[0.8614659309387207],[0.7876878380775452]
74,,[0.5547055006027222],[0.9484158158302307],[0.7933458685874939],[0.5577902793884277],[0.9430137872695923],[0.9610913395881653],[0.5598748326301575],[0.9538265466690063],[0.9638198614120483],[0.5543810725212097],[0.7453423142433167],[0.2480321228504181],[0.9565951228141785],[0.9713425040245056],[0.9322131276130676],[0.9287007451057434],[0.9632148742675781],[0.8123626112937927],[0.7699030041694641],[0.9578724503517151],[0.9571052193641663],[0.8960390686988831],[0.8894974589347839],[0.10414659976959229]
75,,[0.5788243412971497],[0.8888153433799744],[0.8239778876304626],[0.7893921136856079],[0.8969123959541321],[0.8666844964027405],[0.6452261805534363],[0.8756762146949768],[0.8759082555770874],[0.5529285073280334],[0.9245616793632507],[0.7245540618896484],[0.8761330842971802],[0.8961442708969116],[0.7932139039039612],[0.8763920664787292],[0.8927395343780518],[0.7918150424957275],[0.8756005764007568],[0.8734484314918518],[0.7815043926239014],[0.8924728631973267],[0.7796095013618469],[0.8213148713111877]
76,,[0.674516499042511],[0.9605809450149536],[0.6779199838638306],[0.7148822546005249],[0.9608901143074036],[0.8764128088951111],[0.7461029291152954],[0.9646562337875366],[0.8995787501335144],[0.6565478444099426],[0.959835410118103],[0.9434363842010498],[0.9631392955780029],[0.9362255930900574],[0.8077386617660522],[0.8562155961990356],[0.9619824290275574],[0.8485097289085388],[0.9137181043624878],[0.8856765031814575],[0.6929540634155273],[0.9609012603759766],[0.8555406332015991],[0.21222639083862305]
77,,[0.5819942951202393],[0.8444260954856873],[0.9523780941963196],[0.5835425853729248],[0.7846969366073608],[0.9313627481460571],[0.5843636393547058],[0.7719293832778931],[0.8965892791748047],[0.5825657844543457],[0.9065178036689758],[0.846096932888031],[0.8909428119659424],[0.939248263835907],[0.8457565307617188],[0.8959834575653076],[0.9560566544532776],[0.7126079797744751],[0.9005347490310669],[0.9468554854393005],[0.6554427742958069],[0.8742324113845825],[0.617131233215332],[0.3344360888004303]
78,,[0.6051387190818787],[0.8367867469787598],[0.8612688183784485],[0.6062156558036804],[0.9187511205673218],[0.9563668370246887],[0.6062758564949036],[0.8785201907157898],[0.9660962820053101],[0.6053621172904968],[0.9580414295196533],[0.8410745859146118],[0.9253016710281372],[0.9546877145767212],[0.9316641688346863],[0.7862294912338257],[0.9544105529785156],[0.9464105367660522],[0.8926833271980286],[0.9345041513442993],[0.8025859594345093],[0.7663259506225586],[0.8190311193466187],[0.9299836158752441]
79,,[0.5347154140472412],[0.9690951108932495],[0.965591549873352],[0.5385629534721375],[0.9711170196533203],[0.9683195352554321],[0.5363917946815491],[0.9681620597839355],[0.961112916469574],[0.5355433821678162],[0.6898205280303955],[0.12333057820796967],[0.9322556853294373],[0.9675974249839783],[0.9037338495254517],[0.9286341071128845],[0.9655935764312744],[0.9002563953399658],[0.9194650053977966],[0.9574360847473145],[0.9113017916679382],[0.6540597081184387],[0.8894141912460327],[0.8796993494033813]
80,,[0.6354812979698181],[0.9581618309020996],[0.7861661314964294],[0.6345510482788086],[0.927701473236084],[0.9642727971076965],[0.6432338356971741],[0.9570623636245728],[0.9609322547912598],[0.6298171281814575],[0.9286944270133972],[0.8365942239761353],[0.9686747789382935],[0.9700241684913635],[0.9099969267845154],[0.969914436340332],[0.9701799154281616],[0.9089994430541992],[0.8022288680076599],[0.9641534090042114],[0.9604650139808655],[0.8380976319313049],[0.9294822216033936],[0.21712078154087067]
81,,[0.6181449890136719],[0.9703430533409119],[0.9645465612411499],[0.6309598684310913],[0.9678806662559509],[0.9634572267532349],[0.6137676239013672],[0.9088923931121826],[0.9670431017875671],[0.6113157272338867],[0.9716103076934814],[0.9598147869110107],[0.9664387702941895],[0.9662778973579407],[0.8752586245536804],[0.9661183953285217],[0.9660985469818115],[0.877748966217041],[0.966000497341156],[0.9656274914741516],[0.8489518761634827],[0.7136805057525635],[0.7645760774612427],[0.7539798021316528]
82,,[0.6255099177360535],[0.9574069380760193],[0.9685268402099609],[0.6283862590789795],[0.9659979343414307],[0.9493601322174072],[0.6745747923851013],[0.9708911180496216],[0.9390628933906555],[0.626079797744751],[0.9612520933151245],[0.8020406365394592],[0.9369292259216309],[0.9611948728561401],[0.9640650749206543],[0.9381616115570068],[0.9632329940795898],[0.9601588249206543],[0.905217170715332],[0.9211940169334412],[0.5256447196006775],[0.9476818442344666],[0.9257776737213135],[0.7348341941833496]
83,,[0.7594142556190491],[0.8926856517791748],[0.8247905373573303],[0.654188871383667],[0.8414677381515503],[0.9258420467376709],[0.6681620478630066],[0.8414978981018066],[0.9256603717803955],[0.6274681091308594],[0.9049269556999207],[0.8686603903770447],[0.9271942973136902],[0.9273548722267151],[0.7591767311096191],[0.9273918867111206],[0.9277041554450989],[0.7714266777038574],[0.9271988868713379],[0.9257479906082153],[0.7805333733558655],[0.8918067812919617],[0.8988515734672546],[0.33223915100097656]
84,,[0.7978292107582092],[0.9778012037277222],[0.7869575023651123],[0.8534807562828064],[0.9739313125610352],[0.9030246734619141],[0.8432171940803528],[0.9757272601127625],[0.9049140810966492],[0.6037672758102417],[0.9757921099662781],[0.8093012571334839],[0.9766722917556763],[0.9635158777236938],[0.8654116988182068],[0.9767206907272339],[0.9634241461753845],[0.8655704259872437],[0.9252919554710388],[0.9168645143508911],[0.7943509221076965],[0.9608981609344482],[0.8693169951438904],[0.8148215413093567]
85,,[0.6284798979759216],[0.813774585723877],[0.8447132110595703],[0.6306862831115723],[0.7286441326141357],[0.9408601522445679],[0.6362371444702148],[0.6448648571968079],[0.9362623691558838],[0.6244269609451294],[0.7864939570426941],[0.777059018611908],[0.9131394028663635],[0.9300971627235413],[0.8136622309684753],[0.923747718334198],[0.925014317035675],[0.7841063737869263],[0.9037131071090698],[0.9259009957313538],[0.8326732516288757],[0.8717852234840393],[0.8370327353477478],[0.7553010582923889]
86,,[0.647996187210083],[0.9681800603866577],[0.9461991190910339],[0.6481209993362427],[0.9630638360977173],[0.9089007377624512],[0.6475460529327393],[0.8176787495613098],[0.9643035531044006],[0.6477300524711609],[0.9284442663192749],[0.8206222653388977],[0.9574887752532959],[0.9678064584732056],[0.9514655470848083],[0.9677489995956421],[0.9654887318611145],[0.8954454660415649],[0.9217806458473206],[0.8811084628105164],[0.3022037446498871],[0.3829549252986908],[0.3428739905357361],[0.2898963391780853]
87,,[0.5624486207962036],[0.8820180892944336],[0.7757875919342041],[0.5661486983299255],[0.8775209784507751],[0.8831619024276733],[0.5780264139175415],[0.8886917233467102],[0.8928083777427673],[0.5619581937789917],[0.886102557182312],[0.7732535004615784],[0.9060210585594177],[0.9233125448226929],[0.735270619392395],[0.9266718029975891],[0.9248501658439636],[0.7945488691329956],[0.901961624622345],[0.9038106203079224],[0.6837073564529419],[0.8812869787216187],[0.8801366090774536],[0.7205578684806824]
88,,[0.7055235505104065],[0.8869486451148987],[0.5471707582473755],[0.6793530583381653],[0.823163628578186],[0.9537212252616882],[0.6746619343757629],[0.8159244656562805],[0.9536903500556946],[0.6726120114326477],[0.8412898778915405],[0.9498568177223206],[0.9529897570610046],[0.9540001749992371],[0.9069952964782715],[0.9460194706916809],[0.9533748030662537],[0.9209875464439392],[0.7972882986068726],[0.8093371987342834],[0.8560335040092468],[0.9315561652183533],[0.9309905767440796],[0.46522608399391174]
89,,[0.5981310606002808],[0.938029408454895],[0.9224656224250793],[0.5996482372283936],[0.9201095700263977],[0.9446799159049988],[0.5985461473464966],[0.8600248098373413],[0.9630609750747681],[0.5972792506217957],[0.9562108516693115],[0.8387160301208496],[0.9535897970199585],[0.9643940329551697],[0.9063345193862915],[0.9579338431358337],[0.9621352553367615],[0.8844000101089478],[0.9317256808280945],[0.9115802645683289],[0.41292983293533325],[0.842613160610199],[0.7924817800521851],[0.739618182182312]
90,,[0.7005614042282104],[0.9165584444999695],[0.8417719602584839],[0.6399664878845215],[0.8318477869033813],[0.8856531977653503],[0.6626906394958496],[0.8032867908477783],[0.9041334390640259],[0.5923095941543579],[0.797369122505188],[0.8852406740188599],[0.8882940411567688],[0.912320077419281],[0.8421844840049744],[0.8818910717964172],[0.9070222973823547],[0.8278513550758362],[0.845525860786438],[0.8811923265457153],[0.3396914005279541],[0.8097469806671143],[0.43378546833992004],[0.2406870275735855]
91,,[0.6679511666297913],[0.9283112287521362],[0.8764765858650208],[0.6688424348831177],[0.8656976819038391],[0.9696510434150696],[0.6693521738052368],[0.8518396019935608],[0.9665568470954895],[0.6677520275115967],[0.9133855700492859],[0.874623715877533],[0.9499382972717285],[0.9610809683799744],[0.9487261772155762],[0.9028661251068115],[0.9607157111167908],[0.29970604181289673],[0.8395895957946777],[0.8921442031860352],[0.8234681487083435],[0.3844214081764221],[0.30167821049690247],[0.2257462739944458]
92,,[0.6945412158966064],[0.6739383935928345],[0.5499176383018494],[0.5921100974082947],[0.8238556385040283],[0.940432608127594],[0.6885503530502319],[0.9105867147445679],[0.9022390246391296],[0.7175947427749634],[0.9414274096488953],[0.7586601376533508],[0.93402498960495],[0.8409380912780762],[0.7413516044616699],[0.9119179248809814],[0.8483248949050903],[0.6557517051696777],[0.693281888961792],[0.5880839228630066],[0.45838916301727295],[0.941683292388916],[0.8513968586921692],[0.7668323516845703]
93,,[0.6127651333808899],[0.9195184111595154],[0.9409011006355286],[0.6911584734916687],[0.9654392004013062],[0.9609937071800232],[0.8013013601303101],[0.9666549563407898],[0.9615500569343567],[0.6126471161842346],[0.9455846548080444],[0.8264018893241882],[0.969667911529541],[0.9673218727111816],[0.9385923743247986],[0.9688712358474731],[0.9599709510803223],[0.9378353953361511],[0.784155011177063],[0.959204912185669],[0.9589108824729919],[0.5419036149978638],[0.1949910819530487],[0.21298591792583466]
94,,[0.5558264255523682],[0.9592694640159607],[0.913223147392273],[0.5622166395187378],[0.9588406085968018],[0.9349300265312195],[0.5627878904342651],[0.9587357044219971],[0.9347979426383972],[0.5561497807502747],[0.9639918208122253],[0.7766492962837219],[0.9448407292366028],[0.9522510766983032],[0.9277141094207764],[0.9491676092147827],[0.9576430320739746],[0.9048408269882202],[0.8605887293815613],[0.8185673356056213],[0.7045509815216064],[0.9168344736099243],[0.3891064524650574],[0.3709610104560852]
95,,[0.6363255381584167],[0.966697633266449],[0.9029949903488159],[0.6263302564620972],[0.890175998210907],[0.9737418293952942],[0.6357073187828064],[0.9510921239852905],[0.974471926689148],[0.6302894353866577],[0.9700959324836731],[0.8874958753585815],[0.9728033542633057],[0.9723575711250305],[0.8336175680160522],[0.9590703248977661],[0.9638404846191406],[0.8235030770301819],[0.9736400842666626],[0.970934271812439],[0.42326590418815613],[0.8037109971046448],[0.7890943288803101],[0.04591025784611702]
96,,[0.6850462555885315],[0.9676741361618042],[0.9407038688659668],[0.6595758199691772],[0.9445050954818726],[0.9256756901741028],[0.6393658518791199],[0.7607600092887878],[0.9602047801017761],[0.648571252822876],[0.9596614241600037],[0.8292852640151978],[0.7993113398551941],[0.959285318851471],[0.9580260515213013],[0.9728812575340271],[0.9683988690376282],[0.925870418548584],[0.6974231004714966],[0.8578819036483765],[0.8730520606040955],[0.6949671506881714],[0.8284990191459656],[0.8970949649810791]
97,,[0.5858669877052307],[0.8416222929954529],[0.8181992769241333],[0.5859733819961548],[0.8518478274345398],[0.9030673503875732],[0.5867137312889099],[0.7840673923492432],[0.9544142484664917],[0.5857987999916077],[0.8424535989761353],[0.9539505839347839],[0.7894752025604248],[0.9333421587944031],[0.8994602560997009],[0.8287273645401001],[0.9323344826698303],[0.8845189213752747],[0.8182148337364197],[0.9359495043754578],[0.8626946210861206],[0.8389648795127869],[0.9356435537338257],[0.7803913354873657]
98,,[0.7021757960319519],[0.9696445465087891],[0.9655148983001709],[0.7684094309806824],[0.9689335227012634],[0.9443081021308899],[0.7391594648361206],[0.9686051607131958],[0.962756335735321],[0.6212944984436035],[0.9691103100776672],[0.8173929452896118],[0.9531092047691345],[0.9699130058288574],[0.9470009803771973],[0.9546869397163391],[0.970517098903656],[0.9197972416877747],[0.9522777795791626],[0.9692171812057495],[0.6890904307365417],[0.5669274926185608],[0.324929803609848],[0.3124600052833557]
99,,[0.6331862807273865],[0.8690255284309387],[0.7749186754226685],[0.6400722861289978],[0.8000167608261108],[0.9027532339096069],[0.6686790585517883],[0.8394397497177124],[0.8853950500488281],[0.6437402963638306],[0.8720885515213013],[0.8290458917617798],[0.9019989967346191],[0.8986241221427917],[0.8498870730400085],[0.9026696085929871],[0.8982567191123962],[0.8666656613349915],[0.8534458875656128],[0.8653354048728943],[0.8804147243499756],[0.6720654368400574],[0.4366266429424286],[0.7064180970191956]
100,,[0.6161391139030457],[0.9419723749160767],[0.5608101487159729],[0.644248902797699],[0.9118438363075256],[0.8921685814857483],[0.6019299030303955],[0.8852537870407104],[0.8971509337425232],[0.5968384146690369],[0.9592167735099792],[0.7683175206184387],[0.9070554375648499],[0.9182064533233643],[0.8645203709602356],[0.9165819883346558],[0.9239238500595093],[0.8620608448982239],[0.8863675594329834],[0.898766040802002],[0.8479838967323303],[0.8274966478347778],[0.8744640946388245],[0.25907352566719055]
101,,[0.6110287308692932],[0.970693051815033],[0.574503481388092],[0.5974509716033936],[0.9698357582092285],[0.9703578352928162],[0.6007822155952454],[0.8772078156471252],[0.9707428812980652],[0.5795280933380127],[0.9525879621505737],[0.970061719417572],[0.9436434507369995],[0.9660763144493103],[0.9336969256401062],[0.9623944759368896],[0.9652697443962097],[0.920433759689331],[0.7673589587211609],[0.9419119358062744],[0.9084948897361755],[0.9459925293922424],[0.8986634016036987],[0.5511739253997803]
102,,[0.6204193234443665],[0.8935280442237854],[0.5643839240074158],[0.5944046378135681],[0.8241317272186279],[0.9004998207092285],[0.5950100421905518],[0.8179695010185242],[0.9077850580215454],[0.593465268611908],[0.7876538634300232],[0.9388083815574646],[0.9011417627334595],[0.9142648577690125],[0.8612934350967407],[0.9074052572250366],[0.9303382039070129],[0.8448940515518188],[0.9144816398620605],[0.8995199203491211],[0.7574682831764221],[0.8381567597389221],[0.8899222016334534],[0.10522450506687164]
103,,[0.6780592799186707],[0.9643962383270264],[0.4575904905796051],[0.6210715770721436],[0.8863652944564819],[0.9510079026222229],[0.6219804883003235],[0.9522240161895752],[0.95210862159729],[0.6162338852882385],[0.9345639944076538],[0.8033312559127808],[0.9520984292030334],[0.9517059326171875],[0.9518665075302124],[0.9518461227416992],[0.9509879350662231],[0.9361843466758728],[0.781867504119873],[0.9515299797058105],[0.9528915882110596],[0.9161770343780518],[0.9147828221321106],[0.3604962229728699]
104,,[0.6364251375198364],[0.8571125268936157],[0.865422785282135],[0.6371206641197205],[0.8291021585464478],[0.9381120204925537],[0.6373224854469299],[0.8948944211006165],[0.9375952482223511],[0.6363422274589539],[0.9593495726585388],[0.779190182685852],[0.9218292832374573],[0.9053542017936707],[0.8563964366912842],[0.9211704730987549],[0.9015734791755676],[0.8603159785270691],[0.876902163028717],[0.8636452555656433],[0.2293708473443985],[0.8662571310997009],[0.848177433013916],[0.5700057744979858]
105,,[0.6207205653190613],[0.9467774033546448],[0.9301484823226929],[0.5871157646179199],[0.93161541223526],[0.9295381903648376],[0.6152694821357727],[0.950191080570221],[0.9285078644752502],[0.583599865436554],[0.9141129851341248],[0.7796920537948608],[0.9298312664031982],[0.9286931157112122],[0.9210355877876282],[0.9305986166000366],[0.9283409714698792],[0.916021466255188],[0.9341484308242798],[0.9285318851470947],[0.8676409721374512],[0.8991045951843262],[0.9000428915023804],[0.41178324818611145]
106,,[0.6305435299873352],[0.9497093558311462],[0.8740682005882263],[0.5637587308883667],[0.9577876329421997],[0.9505966901779175],[0.5645865797996521],[0.9521512389183044],[0.9465407133102417],[0.560580313205719],[0.9606669545173645],[0.8042707443237305],[0.9463096857070923],[0.9487360715866089],[0.9067437052726746],[0.9459224343299866],[0.9545586109161377],[0.9186792969703674],[0.9177265167236328],[0.8638086318969727],[0.8318750858306885],[0.7484151124954224],[0.9083179235458374],[0.9186975955963135]
107,,[0.574008584022522],[0.9637575149536133],[0.8017578125],[0.6454411745071411],[0.9694564342498779],[0.9401754140853882],[0.6708008646965027],[0.9500874876976013],[0.9307389259338379],[0.5671840310096741],[0.9609189033508301],[0.7786014080047607],[0.9663755297660828],[0.9669734239578247],[0.86672443151474],[0.9684765338897705],[0.9592140913009644],[0.8833215832710266],[0.8967716693878174],[0.8735207915306091],[0.8679898381233215],[0.8942542672157288],[0.8932231068611145],[0.3334576189517975]
108,,[0.6441893577575684],[0.9640378355979919],[0.829452633857727],[0.672193706035614],[0.9254481196403503],[0.9159120917320251],[0.6495948433876038],[0.9581604599952698],[0.9437710642814636],[0.6387187838554382],[0.9472010135650635],[0.7918696403503418],[0.9464739561080933],[0.9473936557769775],[0.9142066240310669],[0.9473572969436646],[0.9450653195381165],[0.908961832523346],[0.916034996509552],[0.9451611042022705],[0.9281362295150757],[0.8308202028274536],[0.9481101036071777],[0.9299218058586121]
109,,[0.6425678730010986],[0.9668334722518921],[0.9339982271194458],[0.6307485103607178],[0.9548652172088623],[0.9704520106315613],[0.7788812518119812],[0.8592564463615417],[0.9709868431091309],[0.627997100353241],[0.9249858856201172],[0.9399127960205078],[0.9657341241836548],[0.9717108011245728],[0.9106481671333313],[0.9663812518119812],[0.9715177416801453],[0.8936115503311157],[0.7866966128349304],[0.6865507960319519],[0.9547178149223328],[0.8250313997268677],[0.19544556736946106],[0.21133814752101898]
110,,[0.7275698184967041],[0.9570591449737549],[0.789113461971283],[0.7023959159851074],[0.9613934755325317],[0.9399521946907043],[0.7885376214981079],[0.9330958127975464],[0.938935399055481],[0.6751353144645691],[0.9665496945381165],[0.8273409605026245],[0.9387312531471252],[0.9352197647094727],[0.8890129327774048],[0.9390784502029419],[0.9470048546791077],[0.8924064040184021],[0.9190162420272827],[0.8052800297737122],[0.2151990383863449],[0.6198023557662964],[0.30380961298942566],[0.16191817820072174]
111,,[0.6070101857185364],[0.8969650864601135],[0.9527103304862976],[0.6431271433830261],[0.9040933847427368],[0.9530453085899353],[0.6161637902259827],[0.868498682975769],[0.9529885053634644],[0.606560468673706],[0.9255334734916687],[0.8025920391082764],[0.953336238861084],[0.9536314010620117],[0.8567438721656799],[0.9517271518707275],[0.9534890055656433],[0.8569166660308838],[0.8645023107528687],[0.9540149569511414],[0.9370405673980713],[0.7220785617828369],[0.7607434988021851],[0.5838320255279541]
112,,[0.5211262702941895],[0.8646446466445923],[0.8040153384208679],[0.5220503807067871],[0.7840123176574707],[0.9421626329421997],[0.5228026509284973],[0.7742390036582947],[0.9411463141441345],[0.5211164355278015],[0.7912612557411194],[0.8656166195869446],[0.9413036704063416],[0.9432966709136963],[0.7873399257659912],[0.9204452633857727],[0.9420655965805054],[0.8338591456413269],[0.804185688495636],[0.8849638104438782],[0.8618744015693665],[0.8847883939743042],[0.8795843124389648],[0.7137935161590576]
113,,[0.6424014568328857],[0.962971031665802],[0.3297664225101471],[0.61073899269104],[0.9581379890441895],[0.9613848328590393],[0.6121587157249451],[0.9501439332962036],[0.9615833759307861],[0.6016623973846436],[0.9406086206436157],[0.8554973006248474],[0.9076910614967346],[0.9642670750617981],[0.9605055451393127],[0.7707620859146118],[0.9654821753501892],[0.9619296193122864],[0.9664859175682068],[0.9647306203842163],[0.9409173727035522],[0.26957955956459045],[0.24455071985721588],[0.1535712480545044]
114,,[0.5468411445617676],[0.961331844329834],[0.9077300429344177],[0.6144967675209045],[0.9692768454551697],[0.94138103723526],[0.6195245385169983],[0.9675779342651367],[0.9401208162307739],[0.5903359055519104],[0.9703446626663208],[0.811454713344574],[0.9543672800064087],[0.9542922377586365],[0.9392063021659851],[0.956987738609314],[0.9532554745674133],[0.9400535225868225],[0.9683365225791931],[0.9634289741516113],[0.9152181148529053],[0.8223972320556641],[0.3407271206378937],[0.32759732007980347]
115,,[0.7115204930305481],[0.8367807865142822],[0.8502732515335083],[0.6309911608695984],[0.8317766189575195],[0.9145378470420837],[0.7691806554794312],[0.8127683401107788],[0.9309147000312805],[0.6211904287338257],[0.8185929656028748],[0.9074788689613342],[0.9614327549934387],[0.9505422115325928],[0.8424980044364929],[0.9577277302742004],[0.9471801519393921],[0.8705541491508484],[0.9598485827445984],[0.9417221546173096],[0.3632557690143585],[0.8345903754234314],[0.8883506059646606],[0.43828535079956055]
116,,[0.6463094353675842],[0.8545845150947571],[0.8929236531257629],[0.6491580009460449],[0.7521376013755798],[0.9361826181411743],[0.6488117575645447],[0.7511689066886902],[0.93662029504776],[0.6464455127716064],[0.9343410730361938],[0.8606330156326294],[0.9371020793914795],[0.9438939690589905],[0.9171905517578125],[0.9367514848709106],[0.9420413970947266],[0.8550123572349548],[0.8152826428413391],[0.8204602599143982],[0.2225421518087387],[0.6602054238319397],[0.7820971012115479],[0.8459933400154114]
117,,[0.5906371474266052],[0.7762711048126221],[0.9272742867469788],[0.5980448722839355],[0.7633631229400635],[0.9642168879508972],[0.5948418378829956],[0.7627756595611572],[0.9624345302581787],[0.584805965423584],[0.7632251977920532],[0.816214382648468],[0.9367902874946594],[0.963290810585022],[0.6234157681465149],[0.9414159059524536],[0.9493108987808228],[0.7366648316383362],[0.9350475668907166],[0.9469740390777588],[0.697712242603302],[0.7457225322723389],[0.23908835649490356],[0.16557791829109192]
118,,[0.5628070831298828],[0.9107744097709656],[0.9104462265968323],[0.6344868540763855],[0.9511591792106628],[0.9375148415565491],[0.6194670796394348],[0.9465879201889038],[0.9371504783630371],[0.5912595987319946],[0.9497158527374268],[0.7707299590110779],[0.9370813965797424],[0.9639610052108765],[0.9235346913337708],[0.9355270266532898],[0.945296585559845],[0.914736807346344],[0.9579570293426514],[0.9686493873596191],[0.9552287459373474],[0.873199999332428],[0.8949548006057739],[0.5028172731399536]
119,,[0.5835204124450684],[0.930590808391571],[0.8658711910247803],[0.5865373611450195],[0.8745978474617004],[0.9456591606140137],[0.6055447459220886],[0.9316505789756775],[0.9585636258125305],[0.5832456946372986],[0.9460362792015076],[0.9427730441093445],[0.9619070887565613],[0.9498626589775085],[0.7915056347846985],[0.9616107940673828],[0.9388371706008911],[0.7914820313453674],[0.9226402640342712],[0.9201931357383728],[0.778535008430481],[0.8770128488540649],[0.8751515746116638],[0.511368453502655]
120,,[0.6927251815795898],[0.8836844563484192],[0.8967068195343018],[0.7041685581207275],[0.9214853048324585],[0.8066133856773376],[0.7738782167434692],[0.9131643176078796],[0.9116272330284119],[0.6607108116149902],[0.9714808464050293],[0.8899431228637695],[0.9192973971366882],[0.9170841574668884],[0.8763453364372253],[0.9192780256271362],[0.9127647280693054],[0.8531937599182129],[0.9219637513160706],[0.9250883460044861],[0.6785362362861633],[0.89309161901474],[0.888565182685852],[0.5953687429428101]
121,,[0.62222820520401],[0.9599462151527405],[0.9671807885169983],[0.6223453283309937],[0.9495662450790405],[0.9700779914855957],[0.6225866079330444],[0.9358893632888794],[0.9736728072166443],[0.6221733689308167],[0.9542979001998901],[0.8333616852760315],[0.9541245102882385],[0.9736152291297913],[0.9621167778968811],[0.966282069683075],[0.9526400566101074],[0.8810329437255859],[0.9325739741325378],[0.9340167045593262],[0.9111325144767761],[0.943398654460907],[0.9255858659744263],[0.7610158324241638]
122,,[0.6994088292121887],[0.9366127252578735],[0.6717106699943542],[0.6686882972717285],[0.9203437566757202],[0.952720582485199],[0.6642645001411438],[0.912249743938446],[0.9544105529785156],[0.6462786197662354],[0.9200173616409302],[0.8524317145347595],[0.925687313079834],[0.9539275765419006],[0.9331083297729492],[0.9272524118423462],[0.9537583589553833],[0.9351047277450562],[0.816990315914154],[0.3203442096710205],[0.21415917575359344],[0.7680488228797913],[0.3472202718257904],[0.3079048693180084]
123,,[0.5860806703567505],[0.951751708984375],[0.9695116877555847],[0.5937840342521667],[0.9682309627532959],[0.9690871834754944],[0.5912303924560547],[0.9656189680099487],[0.9667658805847168],[0.5858591198921204],[0.9667475819587708],[0.9116610288619995],[0.9477486610412598],[0.9706997275352478],[0.9470517635345459],[0.8799509406089783],[0.9704715609550476],[0.9629689455032349],[0.9114680290222168],[0.9707763195037842],[0.9582999348640442],[0.6941150426864624],[0.9443070292472839],[0.26656416058540344]
124,,[0.6650203466415405],[0.9283668994903564],[0.4407894015312195],[0.5953705906867981],[0.9204317331314087],[0.8888052701950073],[0.5872811675071716],[0.9463600516319275],[0.9056736826896667],[0.5792266726493835],[0.9518623948097229],[0.7424838542938232],[0.9164221286773682],[0.9478108882904053],[0.8567869663238525],[0.9198020100593567],[0.9521695375442505],[0.8132301568984985],[0.9221622943878174],[0.9396512508392334],[0.7966819405555725],[0.7068530917167664],[0.6767807006835938],[0.5159483551979065]
125,,[0.6146630048751831],[0.8637125492095947],[0.6143510341644287],[0.6140915751457214],[0.8521849513053894],[0.9633952975273132],[0.6191204786300659],[0.8503484129905701],[0.9622321724891663],[0.6134286522865295],[0.855681836605072],[0.9609605073928833],[0.9550653696060181],[0.96280837059021],[0.9337853789329529],[0.9460657835006714],[0.9629528522491455],[0.9398399591445923],[0.9262434840202332],[0.9139499068260193],[0.8432600498199463],[0.8257439732551575],[0.9120543003082275],[0.8422813415527344]
126,,[0.6739185452461243],[0.8806406259536743],[0.947235643863678],[0.6749374866485596],[0.7899066209793091],[0.9646680951118469],[0.6777299046516418],[0.9458353519439697],[0.9642550945281982],[0.6737446188926697],[0.8957924842834473],[0.9654814004898071],[0.9080595374107361],[0.9658274054527283],[0.9549180865287781],[0.8082171082496643],[0.966219425201416],[0.9664040207862854],[0.9404797554016113],[0.9641305208206177],[0.4225517511367798],[0.7716975212097168],[0.40943995118141174],[0.11746242642402649]
127,,[0.7453763484954834],[0.962867021560669],[0.6887708306312561],[0.653250515460968],[0.9167361259460449],[0.9672228693962097],[0.6374340653419495],[0.7850013375282288],[0.9673430323600769],[0.6170775890350342],[0.8727898597717285],[0.9451717734336853],[0.9679661989212036],[0.960807740688324],[0.868594765663147],[0.96776282787323],[0.9611651301383972],[0.8717595338821411],[0.9465761184692383],[0.8564469218254089],[0.5653314590454102],[0.8667097091674805],[0.4114599823951721],[0.32368603348731995]
128,,[0.5773789286613464],[0.9703935384750366],[0.9497309923171997],[0.5816386938095093],[0.9660438299179077],[0.9226201176643372],[0.5939715504646301],[0.9679009318351746],[0.9358488917350769],[0.5767464637756348],[0.9725420475006104],[0.9072306752204895],[0.940873384475708],[0.9524126052856445],[0.8822411894798279],[0.9377735257148743],[0.9542819857597351],[0.8513340353965759],[0.9466565251350403],[0.9247869849205017],[0.6204938888549805],[0.7501350045204163],[0.47683119773864746],[0.859362006187439]
129,,[0.6323451995849609],[0.8407015204429626],[0.7022364735603333],[0.6564480066299438],[0.8376886248588562],[0.8310229778289795],[0.6678644418716431],[0.8286406993865967],[0.8723838925361633],[0.6185700297355652],[0.864791989326477],[0.8418263792991638],[0.872840404510498],[0.8698968291282654],[0.761917769908905],[0.8721575736999512],[0.869904100894928],[0.7377964854240417],[0.8940772414207458],[0.9212216734886169],[0.8542070984840393],[0.7778165936470032],[0.76052325963974],[0.40473654866218567]
130,,[0.6967591047286987],[0.781287670135498],[0.9563630223274231],[0.7041749358177185],[0.8165587782859802],[0.9548429250717163],[0.593957781791687],[0.8394753932952881],[0.9564675688743591],[0.5786336064338684],[0.6822592616081238],[0.3633812367916107],[0.7519187331199646],[0.9591155648231506],[0.9466414451599121],[0.7814474701881409],[0.9586539268493652],[0.9559072852134705],[0.7815600633621216],[0.9586713910102844],[0.9520320296287537],[0.9435330629348755],[0.9257335662841797],[0.8934657573699951]
131,,[0.674997866153717],[0.8794234991073608],[0.889662504196167],[0.652013897895813],[0.7889540791511536],[0.9635237455368042],[0.6570598483085632],[0.8553399443626404],[0.9631661772727966],[0.6635238528251648],[0.899932861328125],[0.9620822668075562],[0.8354079127311707],[0.9639447331428528],[0.947277307510376],[0.898769736289978],[0.9634416103363037],[0.8493034839630127],[0.9612047672271729],[0.9616504907608032],[0.3170173168182373],[0.925326943397522],[0.9641412496566772],[0.2926027476787567]
132,,[0.6132500171661377],[0.973831295967102],[0.4964381158351898],[0.5984819531440735],[0.8782766461372375],[0.9399123191833496],[0.6014211177825928],[0.9433140754699707],[0.9275398850440979],[0.5972105264663696],[0.9588873386383057],[0.8931050896644592],[0.9282767176628113],[0.9564708471298218],[0.8915101885795593],[0.9271182417869568],[0.9576928019523621],[0.8536192178726196],[0.9399334192276001],[0.9373913407325745],[0.5533737540245056],[0.701328456401825],[0.30631765723228455],[0.43878233432769775]
133,,[0.6148952841758728],[0.9627928733825684],[0.9061101078987122],[0.6252514123916626],[0.9541357159614563],[0.9363098740577698],[0.6271774768829346],[0.9409390687942505],[0.9553461074829102],[0.6143729090690613],[0.9407028555870056],[0.8607546091079712],[0.9578469395637512],[0.9565777778625488],[0.8904429078102112],[0.957531213760376],[0.9522360563278198],[0.846864640712738],[0.917676568031311],[0.9046897292137146],[0.8070350885391235],[0.47540003061294556],[0.3686465620994568],[0.23942779004573822]
134,,[0.5847258567810059],[0.9727917313575745],[0.9649987816810608],[0.5727033615112305],[0.9736840128898621],[0.9751556515693665],[0.5744173526763916],[0.9687185287475586],[0.9725430607795715],[0.5702217221260071],[0.9646816253662109],[0.9722422957420349],[0.90342777967453],[0.9708530902862549],[0.8599867224693298],[0.9406782388687134],[0.9727693796157837],[0.8610774874687195],[0.9038105607032776],[0.968765377998352],[0.8478684425354004],[0.9302521347999573],[0.7613431811332703],[0.5277315378189087]
135,,[0.6148779392242432],[0.9403754472732544],[0.6904707551002502],[0.7262337803840637],[0.944645881652832],[0.9235755205154419],[0.6165664792060852],[0.9355423450469971],[0.9378606081008911],[0.6131036877632141],[0.9073679447174072],[0.8675057888031006],[0.9414563179016113],[0.9345518350601196],[0.904414176940918],[0.9349881410598755],[0.9299941658973694],[0.8966329097747803],[0.9464613199234009],[0.9382168650627136],[0.9134247303009033],[0.8623431921005249],[0.7522922158241272],[0.26131975650787354]
136,,[0.6414018869400024],[0.967270016670227],[0.9678834080696106],[0.6424325704574585],[0.9713724851608276],[0.9675607085227966],[0.6431254744529724],[0.9666149616241455],[0.9674932956695557],[0.6407616138458252],[0.9575249552726746],[0.8144173622131348],[0.9686563611030579],[0.9736233949661255],[0.945860743522644],[0.9725700616836548],[0.974495530128479],[0.9521852731704712],[0.8515098094940186],[0.9689205288887024],[0.9726408123970032],[0.8543469905853271],[0.9642627239227295],[0.9579022526741028]
137,,[0.624302089214325],[0.9652872681617737],[0.9206356406211853],[0.6258525252342224],[0.795074462890625],[0.9727701544761658],[0.6290385127067566],[0.8417229652404785],[0.9716857075691223],[0.6244354844093323],[0.887799084186554],[0.9725878238677979],[0.9333664178848267],[0.9741693139076233],[0.9341238737106323],[0.9017050862312317],[0.9749264121055603],[0.9557536840438843],[0.8827041387557983],[0.974910318851471],[0.9500975012779236],[0.725972592830658],[0.8982473015785217],[0.8879220485687256]
138,,[0.6220084428787231],[0.9472694993019104],[0.8174184560775757],[0.6298733949661255],[0.9680856466293335],[0.9362082481384277],[0.6239858269691467],[0.9249057173728943],[0.9345805048942566],[0.6217786073684692],[0.9450398087501526],[0.8024014830589294],[0.9365500807762146],[0.9457672834396362],[0.904567539691925],[0.9370362162590027],[0.9431064128875732],[0.908951461315155],[0.9152910709381104],[0.9287045001983643],[0.7887883186340332],[0.9013738632202148],[0.8888096809387207],[0.1900140345096588]
139,,[0.5782425999641418],[0.8416588306427002],[0.8886308670043945],[0.6041884422302246],[0.8666414022445679],[0.9040886759757996],[0.6482442617416382],[0.8179054260253906],[0.9192494750022888],[0.5780714154243469],[0.8502374291419983],[0.9581562280654907],[0.8834197521209717],[0.9308618903160095],[0.7632412314414978],[0.8876120448112488],[0.9564900398254395],[0.7340340614318848],[0.8865563273429871],[0.9540486335754395],[0.3164425790309906],[0.8770204782485962],[0.8733017444610596],[0.03744617477059364]
